# Tools pages: IP, DNS, impersonation, PGP & security.txt, WHOIS, batch,
# wanted domains, remediation (static/js/lookup.js).
Looking up…	Opzoeken…
Abuse contact	Abuse-contact
Registered for {}. This is the party that can act on the content hosted here.	Geregistreerd voor {}. Dit is de partij die kan optreden tegen de inhoud die hier gehost wordt.
The registry record names no abuse address. The parent range may still have one.	Het registryrecord noemt geen abuse-adres. Het bovenliggende bereik heeft er misschien wel een.
Registry	Registry
Range	Bereik
Network name	Netwerknaam
Handle	Handle
Holder	Houder
Registered	Geregistreerd
Last changed	Laatst gewijzigd
last changed	laatst gewijzigd
Operator	Beheerder
Hosting/datacentre	Hosting/datacenter
Proxy/VPN	Proxy/VPN
Reverse DNS	Reverse DNS
No PTR record.	Geen PTR-record.
Reputation	Reputatie
Listed on {} blocklist(s)	Vermeld op {} blocklist(s)
Not listed on {} checked blocklist(s)	Niet vermeld op {} gecontroleerde blocklist(s)
Same name under a different top-level domain.	Dezelfde naam onder een ander topleveldomein.
Differs from your domain by one character.	Verschilt één teken van je domein.
Differs from your domain by {} characters.	Verschilt {} tekens van je domein.
Contains your domain name as part of a longer name.	Bevat je domeinnaam als deel van een langere naam.
Edit distance {}, similarity {}%.	Bewerkingsafstand {}, gelijkenis {}%.
Collecting…	Verzamelen…
Where to report	Waar te melden
unknown	onbekend
No abuse address published	Geen abuse-adres gepubliceerd
Hosting network	Hostingnetwerk
Similarity	Gelijkenis
DomainLens measures and describes the resemblance. Whether that amounts to infringement is a question about your mark and their use of it, and stays yours to assert.	DomainLens meet en beschrijft de gelijkenis. Of dat inbreuk is, is een vraag over jouw merk en hun gebruik ervan, en blijft aan jou om te stellen.
Registration	Registratie
Created	Aangemaakt
Updated	Bijgewerkt
Registrant organisation	Organisatie van de registrant
Registrant country	Land van de registrant
Name servers	Nameservers
Address	Adres
Blocklisted on	Op blocklist bij
Page fingerprint	Vingerafdruk van de pagina
Bytes	Bytes
What is missing	Wat ontbreekt
Observed at {} by DomainLens {}.	Waargenomen op {} door DomainLens {}.
Download as JSON	Downloaden als JSON
Your own resolvers:	Je eigen resolvers:
Edit the list	De lijst bewerken
Query detail	Details van de vraag
Section	Sectie
Enter a name above first.	Voer eerst hierboven een naam in.
Tick at least one resolver.	Vink minstens één resolver aan.
Asking {} resolvers…	{} resolvers bevragen…
All {} resolvers that answered agree.	Alle {} resolvers die antwoordden, zijn het eens.
Resolvers disagree — the change is still rolling out.	De resolvers verschillen — de wijziging wordt nog doorgevoerd.
Not enough resolvers answered ({}) to compare.	Te weinig resolvers antwoordden ({}) om te vergelijken.
No verdict	Geen oordeel
Could not be measured: {}.	Kon niet worden gemeten: {}.
This is our reach, not their records.	Dat ligt aan ons bereik, niet aan hun records.
Answer	Antwoord
Seen by	Gezien door
· TTL {}s	· TTL {}s
· {} ms	· {} ms
Dangling CNAME: target	Dangling CNAME: doel
returns NXDOMAIN. It is a {} name that a third party cannot re-register — a stale record to clean up, not a claimable takeover.	geeft NXDOMAIN. Het is een naam van {} die een derde niet opnieuw kan registreren — een verouderd record om op te ruimen, geen overname die iemand kan claimen.
returns NXDOMAIN. The record is stale; claimability depends on whether the provider lets the target be re-registered.	geeft NXDOMAIN. Het record is verouderd; of het te claimen is, hangt ervan af of de provider het doel opnieuw laat registreren.
{} does not exist	{} bestaat niet
{} exists but has no {} record	{} bestaat, maar heeft geen {}-record
TTL {}s	TTL {}s
{} ms	{} ms
authoritative for {}	gezaghebbend voor {}
DNSSEC validated	DNSSEC gevalideerd
No scans yet	Nog geen scans
Could not load recent scans	Recente scans konden niet worden geladen
No key information	Geen sleutelgegevens
No Encryption: field — optional in RFC 9116, so this is a choice, not a fault. Researchers have no way to encrypt a report.	Geen veld Encryption: — optioneel in RFC 9116, dus een keuze en geen fout. Onderzoekers kunnen een melding niet versleutelen.
Could not be checked: {}. That is our reach, not their records.	Kon niet worden gecontroleerd: {}. Dat ligt aan ons bereik, niet aan hun records.
The Encryption: URL serves a PGP PRIVATE key. Anyone who fetched it can decrypt reports sent to this address.	De URL bij Encryption: levert een PGP-PRIVÉSLEUTEL. Iedereen die hem heeft opgehaald, kan meldingen aan dit adres ontsleutelen.
Armoured PGP public key served.	Armored publieke PGP-sleutel aangeboden.
The URL does not serve a PGP public key: {}	De URL levert geen publieke PGP-sleutel: {}
Fetching security.txt…	security.txt ophalen…
No security.txt at {}	Geen security.txt op {}
No security.txt at {} (HTTP {})	Geen security.txt op {} (HTTP {})
Researchers have no documented way to report a vulnerability to this domain.	Onderzoekers hebben geen beschreven manier om een kwetsbaarheid bij dit domein te melden.
security.txt found at {}	security.txt gevonden op {}
Encryption:	Encryption:
Armoured	Armored
Fingerprint	Vingerafdruk
Algorithm	Algoritme
Identities	Identiteiten
{} — expired	{} — verlopen
The published key has expired. A researcher following this field cannot encrypt to it.	De gepubliceerde sleutel is verlopen. Een onderzoeker die dit veld volgt, kan er niet naar versleutelen.
The key was fetched but could not be read: {}	De sleutel is opgehaald, maar kon niet worden gelezen: {}
Field	Veld
Raw file	Ruw bestand
Paste a file first.	Plak eerst een bestand.
this is broken	dit is kapot
this could say more	hier kan meer staan
Valid against RFC 9116.	Geldig volgens RFC 9116.
Not a valid security.txt.	Geen geldige security.txt.
Errors	Fouten
Warnings	Waarschuwingen
Could say more	Kan meer zeggen
Paste a key first.	Plak eerst een sleutel.
Reading the key…	De sleutel lezen…
This is a PGP	Dit is een PGP-
private	privé
key. If it has been published anywhere, treat it as compromised: revoke it and publish only the exported public half.	sleutel. Is hij ergens gepubliceerd, beschouw hem dan als gecompromitteerd: trek hem in en publiceer alleen de geëxporteerde publieke helft.
gpg read this key.	gpg kon deze sleutel lezen.
gpg could not read this key	gpg kon deze sleutel niet lezen
The private key is passphrase-protected; you will need it to use the key.	De privésleutel is beveiligd met een wachtwoordzin; die heb je nodig om de sleutel te gebruiken.
The private key has no passphrase: anyone holding the file can use it.	De privésleutel heeft geen wachtwoordzin: iedereen die het bestand heeft, kan hem gebruiken.
Save both halves now.	Bewaar nu beide helften.
Download public key	Publieke sleutel downloaden
Private key	Privésleutel
Public key	Publieke sleutel
Enter a domain first.	Voer eerst een domein in.
Registration is held at	De registratie staat op
Not registered	Niet geregistreerd
Reseller	Reseller
Released from {}	Vrijgegeven vanaf {}
{n} of {n} done	{} van {} klaar
{n} of {n} done — at most {n} min to go	{} van {} klaar — nog hoogstens {} min
Stopped after {n} of {n}.	Gestopt na {} van {}.
The batch stopped: {}	De batch is gestopt: {}
Done: {} domains.	Klaar: {} domeinen.
Paste domain names or choose a file first.	Plak eerst domeinnamen of kies een bestand.
Skipped, not a domain name: {}	Overgeslagen, geen domeinnaam: {}
Last lookup: {}	Laatste opzoeking: {}
Phase	Fase
No wanted domains yet.	Nog geen gewenste domeinen.
No changes yet.	Nog geen wijzigingen.
Watching {} under Monitoring → Wanted domains	{} wordt gevolgd onder Monitoring → Gewenste domeinen
Already in Wanted domains.	Staat al in Gewenste domeinen.
details	details
registry	registry
Withheld	Achtergehouden
Registered	Geregistreerd
In quarantine	In quarantaine
Being deleted	Wordt verwijderd
Redemption period	Herstelperiode
Registered, not in DNS	Geregistreerd, niet in DNS
Available to register	Vrij om te registreren
Not looked up yet	Nog niet opgezocht
Not registered	Niet geregistreerd
